<application>
  <component name="ProjectJdkTable">
    <jdk version="2">
      <name value="1.8" />
      <type value="JavaSDK" />
      <version value="java version &quot;1.8.0_211&quot;" />
      <homePath value="C:/Program Files/java/jdk1.8.0_211" />
      <roots>
        <annotationsPath>
          <root type="composite">
            <root url="jar://$APPLICATION_HOME_DIR$/lib/jdkAnnotations.jar!/" type="simple" />
          </root>
        </annotationsPath>
        <classPath>
          <root type="composite">
            <root url="jar://C:/Program Files/java/jdk1.8.0_211/jre/lib/charsets.jar!/" type="simple" />
            <root url="jar://C:/Program Files/java/jdk1.8.0_211/jre/lib/deploy.jar!/" type="simple" />
            <root url="jar://C:/Program Files/java/jdk1.8.0_211/jre/lib/ext/access-bridge-64.jar!/" type="simple" />
            <root url="jar://C:/Program Files/java/jdk1.8.0_211/jre/lib/ext/cldrdata.jar!/" type="simple" />
            <root url="jar://C:/Program Files/java/jdk1.8.0_211/jre/lib/ext/dnsns.jar!/" type="simple" />
            <root url="jar://C:/Program Files/java/jdk1.8.0_211/jre/lib/ext/jaccess.jar!/" type="simple" />
            <root url="jar://C:/Program Files/java/jdk1.8.0_211/jre/lib/ext/jfxrt.jar!/" type="simple" />
            <root url="jar://C:/Program Files/java/jdk1.8.0_211/jre/lib/ext/localedata.jar!/" type="simple" />
            <root url="jar://C:/Program Files/java/jdk1.8.0_211/jre/lib/ext/nashorn.jar!/" type="simple" />
            <root url="jar://C:/Program Files/java/jdk1.8.0_211/jre/lib/ext/sunec.jar!/" type="simple" />
            <root url="jar://C:/Program Files/java/jdk1.8.0_211/jre/lib/ext/sunjce_provider.jar!/" type="simple" />
            <root url="jar://C:/Program Files/java/jdk1.8.0_211/jre/lib/ext/sunmscapi.jar!/" type="simple" />
            <root url="jar://C:/Program Files/java/jdk1.8.0_211/jre/lib/ext/sunpkcs11.jar!/" type="simple" />
            <root url="jar://C:/Program Files/java/jdk1.8.0_211/jre/lib/ext/zipfs.jar!/" type="simple" />
            <root url="jar://C:/Program Files/java/jdk1.8.0_211/jre/lib/javaws.jar!/" type="simple" />
            <root url="jar://C:/Program Files/java/jdk1.8.0_211/jre/lib/jce.jar!/" type="simple" />
            <root url="jar://C:/Program Files/java/jdk1.8.0_211/jre/lib/jfr.jar!/" type="simple" />
            <root url="jar://C:/Program Files/java/jdk1.8.0_211/jre/lib/jfxswt.jar!/" type="simple" />
            <root url="jar://C:/Program Files/java/jdk1.8.0_211/jre/lib/jsse.jar!/" type="simple" />
            <root url="jar://C:/Program Files/java/jdk1.8.0_211/jre/lib/management-agent.jar!/" type="simple" />
            <root url="jar://C:/Program Files/java/jdk1.8.0_211/jre/lib/plugin.jar!/" type="simple" />
            <root url="jar://C:/Program Files/java/jdk1.8.0_211/jre/lib/resources.jar!/" type="simple" />
            <root url="jar://C:/Program Files/java/jdk1.8.0_211/jre/lib/rt.jar!/" type="simple" />
          </root>
        </classPath>
        <javadocPath>
          <root type="composite" />
        </javadocPath>
        <sourcePath>
          <root type="composite">
            <root url="jar://C:/Program Files/java/jdk1.8.0_211/src.zip!/" type="simple" />
            <root url="jar://C:/Program Files/java/jdk1.8.0_211/javafx-src.zip!/" type="simple" />
          </root>
        </sourcePath>
      </roots>
      <additional />
    </jdk>
    <jdk version="2">
      <name value="10" />
      <type value="JavaSDK" />
      <version value="java version &quot;10.0.2&quot;" />
      <homePath value="C:/Program Files/java/jdk-10.0.2" />
      <roots>
        <annotationsPath>
          <root type="composite">
            <root url="jar://$APPLICATION_HOME_DIR$/lib/jdkAnnotations.jar!/" type="simple" />
          </root>
        </annotationsPath>
        <classPath>
          <root type="composite">
            <root url="jrt://C:/Program Files/java/jdk-10.0.2!/java.activation" type="simple" />
            <root url="jrt://C:/Program Files/java/jdk-10.0.2!/java.base" type="simple" />
            <root url="jrt://C:/Program Files/java/jdk-10.0.2!/java.compiler" type="simple" />
            <root url="jrt://C:/Program Files/java/jdk-10.0.2!/java.corba" type="simple" />
            <root url="jrt://C:/Program Files/java/jdk-10.0.2!/java.datatransfer" type="simple" />
            <root url="jrt://C:/Program Files/java/jdk-10.0.2!/java.desktop" type="simple" />
            <root url="jrt://C:/Program Files/java/jdk-10.0.2!/java.instrument" type="simple" />
            <root url="jrt://C:/Program Files/java/jdk-10.0.2!/java.logging" type="simple" />
            <root url="jrt://C:/Program Files/java/jdk-10.0.2!/java.management" type="simple" />
            <root url="jrt://C:/Program Files/java/jdk-10.0.2!/java.management.rmi" type="simple" />
            <root url="jrt://C:/Program Files/java/jdk-10.0.2!/java.naming" type="simple" />
            <root url="jrt://C:/Program Files/java/jdk-10.0.2!/java.prefs" type="simple" />
            <root url="jrt://C:/Program Files/java/jdk-10.0.2!/java.rmi" type="simple" />
            <root url="jrt://C:/Program Files/java/jdk-10.0.2!/java.scripting" type="simple" />
            <root url="jrt://C:/Program Files/java/jdk-10.0.2!/java.se" type="simple" />
            <root url="jrt://C:/Program Files/java/jdk-10.0.2!/java.se.ee" type="simple" />
            <root url="jrt://C:/Program Files/java/jdk-10.0.2!/java.security.jgss" type="simple" />
            <root url="jrt://C:/Program Files/java/jdk-10.0.2!/java.security.sasl" type="simple" />
            <root url="jrt://C:/Program Files/java/jdk-10.0.2!/java.smartcardio" type="simple" />
            <root url="jrt://C:/Program Files/java/jdk-10.0.2!/java.sql" type="simple" />
            <root url="jrt://C:/Program Files/java/jdk-10.0.2!/java.sql.rowset" type="simple" />
            <root url="jrt://C:/Program Files/java/jdk-10.0.2!/java.transaction" type="simple" />
            <root url="jrt://C:/Program Files/java/jdk-10.0.2!/java.xml" type="simple" />
            <root url="jrt://C:/Program Files/java/jdk-10.0.2!/java.xml.bind" type="simple" />
            <root url="jrt://C:/Program Files/java/jdk-10.0.2!/java.xml.crypto" type="simple" />
            <root url="jrt://C:/Program Files/java/jdk-10.0.2!/java.xml.ws" type="simple" />
            <root url="jrt://C:/Program Files/java/jdk-10.0.2!/java.xml.ws.annotation" type="simple" />
            <root url="jrt://C:/Program Files/java/jdk-10.0.2!/jdk.accessibility" type="simple" />
            <root url="jrt://C:/Program Files/java/jdk-10.0.2!/jdk.aot" type="simple" />
            <root url="jrt://C:/Program Files/java/jdk-10.0.2!/jdk.attach" type="simple" />
            <root url="jrt://C:/Program Files/java/jdk-10.0.2!/jdk.charsets" type="simple" />
            <root url="jrt://C:/Program Files/java/jdk-10.0.2!/jdk.compiler" type="simple" />
            <root url="jrt://C:/Program Files/java/jdk-10.0.2!/jdk.crypto.cryptoki" type="simple" />
            <root url="jrt://C:/Program Files/java/jdk-10.0.2!/jdk.crypto.ec" type="simple" />
            <root url="jrt://C:/Program Files/java/jdk-10.0.2!/jdk.crypto.mscapi" type="simple" />
            <root url="jrt://C:/Program Files/java/jdk-10.0.2!/jdk.dynalink" type="simple" />
            <root url="jrt://C:/Program Files/java/jdk-10.0.2!/jdk.editpad" type="simple" />
            <root url="jrt://C:/Program Files/java/jdk-10.0.2!/jdk.hotspot.agent" type="simple" />
            <root url="jrt://C:/Program Files/java/jdk-10.0.2!/jdk.httpserver" type="simple" />
            <root url="jrt://C:/Program Files/java/jdk-10.0.2!/jdk.incubator.httpclient" type="simple" />
            <root url="jrt://C:/Program Files/java/jdk-10.0.2!/jdk.internal.ed" type="simple" />
            <root url="jrt://C:/Program Files/java/jdk-10.0.2!/jdk.internal.jvmstat" type="simple" />
            <root url="jrt://C:/Program Files/java/jdk-10.0.2!/jdk.internal.le" type="simple" />
            <root url="jrt://C:/Program Files/java/jdk-10.0.2!/jdk.internal.opt" type="simple" />
            <root url="jrt://C:/Program Files/java/jdk-10.0.2!/jdk.internal.vm.ci" type="simple" />
            <root url="jrt://C:/Program Files/java/jdk-10.0.2!/jdk.internal.vm.compiler" type="simple" />
            <root url="jrt://C:/Program Files/java/jdk-10.0.2!/jdk.internal.vm.compiler.management" type="simple" />
            <root url="jrt://C:/Program Files/java/jdk-10.0.2!/jdk.jartool" type="simple" />
            <root url="jrt://C:/Program Files/java/jdk-10.0.2!/jdk.javadoc" type="simple" />
            <root url="jrt://C:/Program Files/java/jdk-10.0.2!/jdk.jcmd" type="simple" />
            <root url="jrt://C:/Program Files/java/jdk-10.0.2!/jdk.jconsole" type="simple" />
            <root url="jrt://C:/Program Files/java/jdk-10.0.2!/jdk.jdeps" type="simple" />
            <root url="jrt://C:/Program Files/java/jdk-10.0.2!/jdk.jdi" type="simple" />
            <root url="jrt://C:/Program Files/java/jdk-10.0.2!/jdk.jdwp.agent" type="simple" />
            <root url="jrt://C:/Program Files/java/jdk-10.0.2!/jdk.jlink" type="simple" />
            <root url="jrt://C:/Program Files/java/jdk-10.0.2!/jdk.jshell" type="simple" />
            <root url="jrt://C:/Program Files/java/jdk-10.0.2!/jdk.jsobject" type="simple" />
            <root url="jrt://C:/Program Files/java/jdk-10.0.2!/jdk.jstatd" type="simple" />
            <root url="jrt://C:/Program Files/java/jdk-10.0.2!/jdk.localedata" type="simple" />
            <root url="jrt://C:/Program Files/java/jdk-10.0.2!/jdk.management" type="simple" />
            <root url="jrt://C:/Program Files/java/jdk-10.0.2!/jdk.management.agent" type="simple" />
            <root url="jrt://C:/Program Files/java/jdk-10.0.2!/jdk.naming.dns" type="simple" />
            <root url="jrt://C:/Program Files/java/jdk-10.0.2!/jdk.naming.rmi" type="simple" />
            <root url="jrt://C:/Program Files/java/jdk-10.0.2!/jdk.net" type="simple" />
            <root url="jrt://C:/Program Files/java/jdk-10.0.2!/jdk.pack" type="simple" />
            <root url="jrt://C:/Program Files/java/jdk-10.0.2!/jdk.rmic" type="simple" />
            <root url="jrt://C:/Program Files/java/jdk-10.0.2!/jdk.scripting.nashorn" type="simple" />
            <root url="jrt://C:/Program Files/java/jdk-10.0.2!/jdk.scripting.nashorn.shell" type="simple" />
            <root url="jrt://C:/Program Files/java/jdk-10.0.2!/jdk.sctp" type="simple" />
            <root url="jrt://C:/Program Files/java/jdk-10.0.2!/jdk.security.auth" type="simple" />
            <root url="jrt://C:/Program Files/java/jdk-10.0.2!/jdk.security.jgss" type="simple" />
            <root url="jrt://C:/Program Files/java/jdk-10.0.2!/jdk.unsupported" type="simple" />
            <root url="jrt://C:/Program Files/java/jdk-10.0.2!/jdk.xml.bind" type="simple" />
            <root url="jrt://C:/Program Files/java/jdk-10.0.2!/jdk.xml.dom" type="simple" />
            <root url="jrt://C:/Program Files/java/jdk-10.0.2!/jdk.xml.ws" type="simple" />
            <root url="jrt://C:/Program Files/java/jdk-10.0.2!/jdk.zipfs" type="simple" />
          </root>
        </classPath>
        <javadocPath>
          <root type="composite" />
        </javadocPath>
        <sourcePath>
          <root type="composite">
            <root url="jar://C:/Program Files/java/jdk-10.0.2/lib/src.zip!/java.se" type="simple" />
            <root url="jar://C:/Program Files/java/jdk-10.0.2/lib/src.zip!/jdk.aot" type="simple" />
            <root url="jar://C:/Program Files/java/jdk-10.0.2/lib/src.zip!/jdk.jdi" type="simple" />
            <root url="jar://C:/Program Files/java/jdk-10.0.2/lib/src.zip!/jdk.net" type="simple" />
            <root url="jar://C:/Program Files/java/jdk-10.0.2/lib/src.zip!/java.rmi" type="simple" />
            <root url="jar://C:/Program Files/java/jdk-10.0.2/lib/src.zip!/java.sql" type="simple" />
            <root url="jar://C:/Program Files/java/jdk-10.0.2/lib/src.zip!/java.xml" type="simple" />
            <root url="jar://C:/Program Files/java/jdk-10.0.2/lib/src.zip!/jdk.jcmd" type="simple" />
            <root url="jar://C:/Program Files/java/jdk-10.0.2/lib/src.zip!/jdk.pack" type="simple" />
            <root url="jar://C:/Program Files/java/jdk-10.0.2/lib/src.zip!/jdk.rmic" type="simple" />
            <root url="jar://C:/Program Files/java/jdk-10.0.2/lib/src.zip!/jdk.sctp" type="simple" />
            <root url="jar://C:/Program Files/java/jdk-10.0.2/lib/src.zip!/java.base" type="simple" />
            <root url="jar://C:/Program Files/java/jdk-10.0.2/lib/src.zip!/jdk.jdeps" type="simple" />
            <root url="jar://C:/Program Files/java/jdk-10.0.2/lib/src.zip!/jdk.jlink" type="simple" />
            <root url="jar://C:/Program Files/java/jdk-10.0.2/lib/src.zip!/jdk.zipfs" type="simple" />
            <root url="jar://C:/Program Files/java/jdk-10.0.2/lib/src.zip!/java.corba" type="simple" />
            <root url="jar://C:/Program Files/java/jdk-10.0.2/lib/src.zip!/java.prefs" type="simple" />
            <root url="jar://C:/Program Files/java/jdk-10.0.2/lib/src.zip!/java.se.ee" type="simple" />
            <root url="jar://C:/Program Files/java/jdk-10.0.2/lib/src.zip!/jdk.attach" type="simple" />
            <root url="jar://C:/Program Files/java/jdk-10.0.2/lib/src.zip!/jdk.jshell" type="simple" />
            <root url="jar://C:/Program Files/java/jdk-10.0.2/lib/src.zip!/jdk.jstatd" type="simple" />
            <root url="jar://C:/Program Files/java/jdk-10.0.2/lib/src.zip!/jdk.xml.ws" type="simple" />
            <root url="jar://C:/Program Files/java/jdk-10.0.2/lib/src.zip!/java.naming" type="simple" />
            <root url="jar://C:/Program Files/java/jdk-10.0.2/lib/src.zip!/java.xml.ws" type="simple" />
            <root url="jar://C:/Program Files/java/jdk-10.0.2/lib/src.zip!/jdk.editpad" type="simple" />
            <root url="jar://C:/Program Files/java/jdk-10.0.2/lib/src.zip!/jdk.jartool" type="simple" />
            <root url="jar://C:/Program Files/java/jdk-10.0.2/lib/src.zip!/jdk.javadoc" type="simple" />
            <root url="jar://C:/Program Files/java/jdk-10.0.2/lib/src.zip!/jdk.xml.dom" type="simple" />
            <root url="jar://C:/Program Files/java/jdk-10.0.2/lib/src.zip!/java.desktop" type="simple" />
            <root url="jar://C:/Program Files/java/jdk-10.0.2/lib/src.zip!/java.logging" type="simple" />
            <root url="jar://C:/Program Files/java/jdk-10.0.2/lib/src.zip!/jdk.charsets" type="simple" />
            <root url="jar://C:/Program Files/java/jdk-10.0.2/lib/src.zip!/jdk.compiler" type="simple" />
            <root url="jar://C:/Program Files/java/jdk-10.0.2/lib/src.zip!/jdk.dynalink" type="simple" />
            <root url="jar://C:/Program Files/java/jdk-10.0.2/lib/src.zip!/jdk.jconsole" type="simple" />
            <root url="jar://C:/Program Files/java/jdk-10.0.2/lib/src.zip!/jdk.jsobject" type="simple" />
            <root url="jar://C:/Program Files/java/jdk-10.0.2/lib/src.zip!/jdk.xml.bind" type="simple" />
            <root url="jar://C:/Program Files/java/jdk-10.0.2/lib/src.zip!/java.compiler" type="simple" />
            <root url="jar://C:/Program Files/java/jdk-10.0.2/lib/src.zip!/java.xml.bind" type="simple" />
            <root url="jar://C:/Program Files/java/jdk-10.0.2/lib/src.zip!/jdk.crypto.ec" type="simple" />
            <root url="jar://C:/Program Files/java/jdk-10.0.2/lib/src.zip!/java.scripting" type="simple" />
            <root url="jar://C:/Program Files/java/jdk-10.0.2/lib/src.zip!/jdk.httpserver" type="simple" />
            <root url="jar://C:/Program Files/java/jdk-10.0.2/lib/src.zip!/jdk.jdwp.agent" type="simple" />
            <root url="jar://C:/Program Files/java/jdk-10.0.2/lib/src.zip!/jdk.localedata" type="simple" />
            <root url="jar://C:/Program Files/java/jdk-10.0.2/lib/src.zip!/jdk.management" type="simple" />
            <root url="jar://C:/Program Files/java/jdk-10.0.2/lib/src.zip!/jdk.naming.dns" type="simple" />
            <root url="jar://C:/Program Files/java/jdk-10.0.2/lib/src.zip!/jdk.naming.rmi" type="simple" />
            <root url="jar://C:/Program Files/java/jdk-10.0.2/lib/src.zip!/java.activation" type="simple" />
            <root url="jar://C:/Program Files/java/jdk-10.0.2/lib/src.zip!/java.instrument" type="simple" />
            <root url="jar://C:/Program Files/java/jdk-10.0.2/lib/src.zip!/java.management" type="simple" />
            <root url="jar://C:/Program Files/java/jdk-10.0.2/lib/src.zip!/java.sql.rowset" type="simple" />
            <root url="jar://C:/Program Files/java/jdk-10.0.2/lib/src.zip!/java.xml.crypto" type="simple" />
            <root url="jar://C:/Program Files/java/jdk-10.0.2/lib/src.zip!/jdk.internal.ed" type="simple" />
            <root url="jar://C:/Program Files/java/jdk-10.0.2/lib/src.zip!/jdk.internal.le" type="simple" />
            <root url="jar://C:/Program Files/java/jdk-10.0.2/lib/src.zip!/jdk.unsupported" type="simple" />
            <root url="jar://C:/Program Files/java/jdk-10.0.2/lib/src.zip!/java.smartcardio" type="simple" />
            <root url="jar://C:/Program Files/java/jdk-10.0.2/lib/src.zip!/java.transaction" type="simple" />
            <root url="jar://C:/Program Files/java/jdk-10.0.2/lib/src.zip!/jdk.internal.opt" type="simple" />
            <root url="jar://C:/Program Files/java/jdk-10.0.2/lib/src.zip!/java.datatransfer" type="simple" />
            <root url="jar://C:/Program Files/java/jdk-10.0.2/lib/src.zip!/jdk.accessibility" type="simple" />
            <root url="jar://C:/Program Files/java/jdk-10.0.2/lib/src.zip!/jdk.crypto.mscapi" type="simple" />
            <root url="jar://C:/Program Files/java/jdk-10.0.2/lib/src.zip!/jdk.hotspot.agent" type="simple" />
            <root url="jar://C:/Program Files/java/jdk-10.0.2/lib/src.zip!/jdk.security.auth" type="simple" />
            <root url="jar://C:/Program Files/java/jdk-10.0.2/lib/src.zip!/jdk.security.jgss" type="simple" />
            <root url="jar://C:/Program Files/java/jdk-10.0.2/lib/src.zip!/java.security.jgss" type="simple" />
            <root url="jar://C:/Program Files/java/jdk-10.0.2/lib/src.zip!/java.security.sasl" type="simple" />
            <root url="jar://C:/Program Files/java/jdk-10.0.2/lib/src.zip!/jdk.internal.vm.ci" type="simple" />
            <root url="jar://C:/Program Files/java/jdk-10.0.2/lib/src.zip!/java.management.rmi" type="simple" />
            <root url="jar://C:/Program Files/java/jdk-10.0.2/lib/src.zip!/jdk.crypto.cryptoki" type="simple" />
            <root url="jar://C:/Program Files/java/jdk-10.0.2/lib/src.zip!/jdk.internal.jvmstat" type="simple" />
            <root url="jar://C:/Program Files/java/jdk-10.0.2/lib/src.zip!/jdk.management.agent" type="simple" />
            <root url="jar://C:/Program Files/java/jdk-10.0.2/lib/src.zip!/jdk.scripting.nashorn" type="simple" />
            <root url="jar://C:/Program Files/java/jdk-10.0.2/lib/src.zip!/java.xml.ws.annotation" type="simple" />
            <root url="jar://C:/Program Files/java/jdk-10.0.2/lib/src.zip!/jdk.incubator.httpclient" type="simple" />
            <root url="jar://C:/Program Files/java/jdk-10.0.2/lib/src.zip!/jdk.internal.vm.compiler" type="simple" />
            <root url="jar://C:/Program Files/java/jdk-10.0.2/lib/src.zip!/jdk.scripting.nashorn.shell" type="simple" />
            <root url="jar://C:/Program Files/java/jdk-10.0.2/lib/src.zip!/jdk.internal.vm.compiler.management" type="simple" />
          </root>
        </sourcePath>
      </roots>
      <additional />
    </jdk>
    <jdk version="2">
      <name value="11 ZULU" />
      <type value="JavaSDK" />
      <version value="java version &quot;11.0.4&quot;" />
      <homePath value="C:/Program Files/java/zulu/zulu11.33.15-ca-jdk11.0.4-win_x64" />
      <roots>
        <annotationsPath>
          <root type="composite">
            <root url="jar://$APPLICATION_HOME_DIR$/lib/jdkAnnotations.jar!/" type="simple" />
          </root>
        </annotationsPath>
        <classPath>
          <root type="composite">
            <root url="jrt://C:/Program Files/java/zulu/zulu11.33.15-ca-jdk11.0.4-win_x64!/java.base" type="simple" />
            <root url="jrt://C:/Program Files/java/zulu/zulu11.33.15-ca-jdk11.0.4-win_x64!/java.compiler" type="simple" />
            <root url="jrt://C:/Program Files/java/zulu/zulu11.33.15-ca-jdk11.0.4-win_x64!/java.datatransfer" type="simple" />
            <root url="jrt://C:/Program Files/java/zulu/zulu11.33.15-ca-jdk11.0.4-win_x64!/java.desktop" type="simple" />
            <root url="jrt://C:/Program Files/java/zulu/zulu11.33.15-ca-jdk11.0.4-win_x64!/java.instrument" type="simple" />
            <root url="jrt://C:/Program Files/java/zulu/zulu11.33.15-ca-jdk11.0.4-win_x64!/java.logging" type="simple" />
            <root url="jrt://C:/Program Files/java/zulu/zulu11.33.15-ca-jdk11.0.4-win_x64!/java.management" type="simple" />
            <root url="jrt://C:/Program Files/java/zulu/zulu11.33.15-ca-jdk11.0.4-win_x64!/java.management.rmi" type="simple" />
            <root url="jrt://C:/Program Files/java/zulu/zulu11.33.15-ca-jdk11.0.4-win_x64!/java.naming" type="simple" />
            <root url="jrt://C:/Program Files/java/zulu/zulu11.33.15-ca-jdk11.0.4-win_x64!/java.net.http" type="simple" />
            <root url="jrt://C:/Program Files/java/zulu/zulu11.33.15-ca-jdk11.0.4-win_x64!/java.prefs" type="simple" />
            <root url="jrt://C:/Program Files/java/zulu/zulu11.33.15-ca-jdk11.0.4-win_x64!/java.rmi" type="simple" />
            <root url="jrt://C:/Program Files/java/zulu/zulu11.33.15-ca-jdk11.0.4-win_x64!/java.scripting" type="simple" />
            <root url="jrt://C:/Program Files/java/zulu/zulu11.33.15-ca-jdk11.0.4-win_x64!/java.se" type="simple" />
            <root url="jrt://C:/Program Files/java/zulu/zulu11.33.15-ca-jdk11.0.4-win_x64!/java.security.jgss" type="simple" />
            <root url="jrt://C:/Program Files/java/zulu/zulu11.33.15-ca-jdk11.0.4-win_x64!/java.security.sasl" type="simple" />
            <root url="jrt://C:/Program Files/java/zulu/zulu11.33.15-ca-jdk11.0.4-win_x64!/java.smartcardio" type="simple" />
            <root url="jrt://C:/Program Files/java/zulu/zulu11.33.15-ca-jdk11.0.4-win_x64!/java.sql" type="simple" />
            <root url="jrt://C:/Program Files/java/zulu/zulu11.33.15-ca-jdk11.0.4-win_x64!/java.sql.rowset" type="simple" />
            <root url="jrt://C:/Program Files/java/zulu/zulu11.33.15-ca-jdk11.0.4-win_x64!/java.transaction.xa" type="simple" />
            <root url="jrt://C:/Program Files/java/zulu/zulu11.33.15-ca-jdk11.0.4-win_x64!/java.xml" type="simple" />
            <root url="jrt://C:/Program Files/java/zulu/zulu11.33.15-ca-jdk11.0.4-win_x64!/java.xml.crypto" type="simple" />
            <root url="jrt://C:/Program Files/java/zulu/zulu11.33.15-ca-jdk11.0.4-win_x64!/jdk.accessibility" type="simple" />
            <root url="jrt://C:/Program Files/java/zulu/zulu11.33.15-ca-jdk11.0.4-win_x64!/jdk.aot" type="simple" />
            <root url="jrt://C:/Program Files/java/zulu/zulu11.33.15-ca-jdk11.0.4-win_x64!/jdk.attach" type="simple" />
            <root url="jrt://C:/Program Files/java/zulu/zulu11.33.15-ca-jdk11.0.4-win_x64!/jdk.charsets" type="simple" />
            <root url="jrt://C:/Program Files/java/zulu/zulu11.33.15-ca-jdk11.0.4-win_x64!/jdk.compiler" type="simple" />
            <root url="jrt://C:/Program Files/java/zulu/zulu11.33.15-ca-jdk11.0.4-win_x64!/jdk.crypto.cryptoki" type="simple" />
            <root url="jrt://C:/Program Files/java/zulu/zulu11.33.15-ca-jdk11.0.4-win_x64!/jdk.crypto.ec" type="simple" />
            <root url="jrt://C:/Program Files/java/zulu/zulu11.33.15-ca-jdk11.0.4-win_x64!/jdk.crypto.mscapi" type="simple" />
            <root url="jrt://C:/Program Files/java/zulu/zulu11.33.15-ca-jdk11.0.4-win_x64!/jdk.dynalink" type="simple" />
            <root url="jrt://C:/Program Files/java/zulu/zulu11.33.15-ca-jdk11.0.4-win_x64!/jdk.editpad" type="simple" />
            <root url="jrt://C:/Program Files/java/zulu/zulu11.33.15-ca-jdk11.0.4-win_x64!/jdk.hotspot.agent" type="simple" />
            <root url="jrt://C:/Program Files/java/zulu/zulu11.33.15-ca-jdk11.0.4-win_x64!/jdk.httpserver" type="simple" />
            <root url="jrt://C:/Program Files/java/zulu/zulu11.33.15-ca-jdk11.0.4-win_x64!/jdk.internal.ed" type="simple" />
            <root url="jrt://C:/Program Files/java/zulu/zulu11.33.15-ca-jdk11.0.4-win_x64!/jdk.internal.jvmstat" type="simple" />
            <root url="jrt://C:/Program Files/java/zulu/zulu11.33.15-ca-jdk11.0.4-win_x64!/jdk.internal.le" type="simple" />
            <root url="jrt://C:/Program Files/java/zulu/zulu11.33.15-ca-jdk11.0.4-win_x64!/jdk.internal.opt" type="simple" />
            <root url="jrt://C:/Program Files/java/zulu/zulu11.33.15-ca-jdk11.0.4-win_x64!/jdk.internal.vm.ci" type="simple" />
            <root url="jrt://C:/Program Files/java/zulu/zulu11.33.15-ca-jdk11.0.4-win_x64!/jdk.internal.vm.compiler" type="simple" />
            <root url="jrt://C:/Program Files/java/zulu/zulu11.33.15-ca-jdk11.0.4-win_x64!/jdk.internal.vm.compiler.management" type="simple" />
            <root url="jrt://C:/Program Files/java/zulu/zulu11.33.15-ca-jdk11.0.4-win_x64!/jdk.jartool" type="simple" />
            <root url="jrt://C:/Program Files/java/zulu/zulu11.33.15-ca-jdk11.0.4-win_x64!/jdk.javadoc" type="simple" />
            <root url="jrt://C:/Program Files/java/zulu/zulu11.33.15-ca-jdk11.0.4-win_x64!/jdk.jcmd" type="simple" />
            <root url="jrt://C:/Program Files/java/zulu/zulu11.33.15-ca-jdk11.0.4-win_x64!/jdk.jconsole" type="simple" />
            <root url="jrt://C:/Program Files/java/zulu/zulu11.33.15-ca-jdk11.0.4-win_x64!/jdk.jdeps" type="simple" />
            <root url="jrt://C:/Program Files/java/zulu/zulu11.33.15-ca-jdk11.0.4-win_x64!/jdk.jdi" type="simple" />
            <root url="jrt://C:/Program Files/java/zulu/zulu11.33.15-ca-jdk11.0.4-win_x64!/jdk.jdwp.agent" type="simple" />
            <root url="jrt://C:/Program Files/java/zulu/zulu11.33.15-ca-jdk11.0.4-win_x64!/jdk.jfr" type="simple" />
            <root url="jrt://C:/Program Files/java/zulu/zulu11.33.15-ca-jdk11.0.4-win_x64!/jdk.jlink" type="simple" />
            <root url="jrt://C:/Program Files/java/zulu/zulu11.33.15-ca-jdk11.0.4-win_x64!/jdk.jshell" type="simple" />
            <root url="jrt://C:/Program Files/java/zulu/zulu11.33.15-ca-jdk11.0.4-win_x64!/jdk.jsobject" type="simple" />
            <root url="jrt://C:/Program Files/java/zulu/zulu11.33.15-ca-jdk11.0.4-win_x64!/jdk.jstatd" type="simple" />
            <root url="jrt://C:/Program Files/java/zulu/zulu11.33.15-ca-jdk11.0.4-win_x64!/jdk.localedata" type="simple" />
            <root url="jrt://C:/Program Files/java/zulu/zulu11.33.15-ca-jdk11.0.4-win_x64!/jdk.management" type="simple" />
            <root url="jrt://C:/Program Files/java/zulu/zulu11.33.15-ca-jdk11.0.4-win_x64!/jdk.management.agent" type="simple" />
            <root url="jrt://C:/Program Files/java/zulu/zulu11.33.15-ca-jdk11.0.4-win_x64!/jdk.management.jfr" type="simple" />
            <root url="jrt://C:/Program Files/java/zulu/zulu11.33.15-ca-jdk11.0.4-win_x64!/jdk.naming.dns" type="simple" />
            <root url="jrt://C:/Program Files/java/zulu/zulu11.33.15-ca-jdk11.0.4-win_x64!/jdk.naming.rmi" type="simple" />
            <root url="jrt://C:/Program Files/java/zulu/zulu11.33.15-ca-jdk11.0.4-win_x64!/jdk.net" type="simple" />
            <root url="jrt://C:/Program Files/java/zulu/zulu11.33.15-ca-jdk11.0.4-win_x64!/jdk.pack" type="simple" />
            <root url="jrt://C:/Program Files/java/zulu/zulu11.33.15-ca-jdk11.0.4-win_x64!/jdk.rmic" type="simple" />
            <root url="jrt://C:/Program Files/java/zulu/zulu11.33.15-ca-jdk11.0.4-win_x64!/jdk.scripting.nashorn" type="simple" />
            <root url="jrt://C:/Program Files/java/zulu/zulu11.33.15-ca-jdk11.0.4-win_x64!/jdk.scripting.nashorn.shell" type="simple" />
            <root url="jrt://C:/Program Files/java/zulu/zulu11.33.15-ca-jdk11.0.4-win_x64!/jdk.sctp" type="simple" />
            <root url="jrt://C:/Program Files/java/zulu/zulu11.33.15-ca-jdk11.0.4-win_x64!/jdk.security.auth" type="simple" />
            <root url="jrt://C:/Program Files/java/zulu/zulu11.33.15-ca-jdk11.0.4-win_x64!/jdk.security.jgss" type="simple" />
            <root url="jrt://C:/Program Files/java/zulu/zulu11.33.15-ca-jdk11.0.4-win_x64!/jdk.unsupported" type="simple" />
            <root url="jrt://C:/Program Files/java/zulu/zulu11.33.15-ca-jdk11.0.4-win_x64!/jdk.unsupported.desktop" type="simple" />
            <root url="jrt://C:/Program Files/java/zulu/zulu11.33.15-ca-jdk11.0.4-win_x64!/jdk.xml.dom" type="simple" />
            <root url="jrt://C:/Program Files/java/zulu/zulu11.33.15-ca-jdk11.0.4-win_x64!/jdk.zipfs" type="simple" />
          </root>
        </classPath>
        <javadocPath>
          <root type="composite" />
        </javadocPath>
        <sourcePath>
          <root type="composite">
            <root url="jar://C:/Program Files/java/zulu/zulu11.33.15-ca-jdk11.0.4-win_x64/lib/src.zip!/java.se" type="simple" />
            <root url="jar://C:/Program Files/java/zulu/zulu11.33.15-ca-jdk11.0.4-win_x64/lib/src.zip!/jdk.aot" type="simple" />
            <root url="jar://C:/Program Files/java/zulu/zulu11.33.15-ca-jdk11.0.4-win_x64/lib/src.zip!/jdk.jdi" type="simple" />
            <root url="jar://C:/Program Files/java/zulu/zulu11.33.15-ca-jdk11.0.4-win_x64/lib/src.zip!/jdk.jfr" type="simple" />
            <root url="jar://C:/Program Files/java/zulu/zulu11.33.15-ca-jdk11.0.4-win_x64/lib/src.zip!/jdk.net" type="simple" />
            <root url="jar://C:/Program Files/java/zulu/zulu11.33.15-ca-jdk11.0.4-win_x64/lib/src.zip!/java.rmi" type="simple" />
            <root url="jar://C:/Program Files/java/zulu/zulu11.33.15-ca-jdk11.0.4-win_x64/lib/src.zip!/java.sql" type="simple" />
            <root url="jar://C:/Program Files/java/zulu/zulu11.33.15-ca-jdk11.0.4-win_x64/lib/src.zip!/java.xml" type="simple" />
            <root url="jar://C:/Program Files/java/zulu/zulu11.33.15-ca-jdk11.0.4-win_x64/lib/src.zip!/jdk.jcmd" type="simple" />
            <root url="jar://C:/Program Files/java/zulu/zulu11.33.15-ca-jdk11.0.4-win_x64/lib/src.zip!/jdk.pack" type="simple" />
            <root url="jar://C:/Program Files/java/zulu/zulu11.33.15-ca-jdk11.0.4-win_x64/lib/src.zip!/jdk.rmic" type="simple" />
            <root url="jar://C:/Program Files/java/zulu/zulu11.33.15-ca-jdk11.0.4-win_x64/lib/src.zip!/jdk.sctp" type="simple" />
            <root url="jar://C:/Program Files/java/zulu/zulu11.33.15-ca-jdk11.0.4-win_x64/lib/src.zip!/java.base" type="simple" />
            <root url="jar://C:/Program Files/java/zulu/zulu11.33.15-ca-jdk11.0.4-win_x64/lib/src.zip!/jdk.jdeps" type="simple" />
            <root url="jar://C:/Program Files/java/zulu/zulu11.33.15-ca-jdk11.0.4-win_x64/lib/src.zip!/jdk.jlink" type="simple" />
            <root url="jar://C:/Program Files/java/zulu/zulu11.33.15-ca-jdk11.0.4-win_x64/lib/src.zip!/jdk.zipfs" type="simple" />
            <root url="jar://C:/Program Files/java/zulu/zulu11.33.15-ca-jdk11.0.4-win_x64/lib/src.zip!/java.prefs" type="simple" />
            <root url="jar://C:/Program Files/java/zulu/zulu11.33.15-ca-jdk11.0.4-win_x64/lib/src.zip!/jdk.attach" type="simple" />
            <root url="jar://C:/Program Files/java/zulu/zulu11.33.15-ca-jdk11.0.4-win_x64/lib/src.zip!/jdk.jshell" type="simple" />
            <root url="jar://C:/Program Files/java/zulu/zulu11.33.15-ca-jdk11.0.4-win_x64/lib/src.zip!/jdk.jstatd" type="simple" />
            <root url="jar://C:/Program Files/java/zulu/zulu11.33.15-ca-jdk11.0.4-win_x64/lib/src.zip!/java.naming" type="simple" />
            <root url="jar://C:/Program Files/java/zulu/zulu11.33.15-ca-jdk11.0.4-win_x64/lib/src.zip!/jdk.editpad" type="simple" />
            <root url="jar://C:/Program Files/java/zulu/zulu11.33.15-ca-jdk11.0.4-win_x64/lib/src.zip!/jdk.jartool" type="simple" />
            <root url="jar://C:/Program Files/java/zulu/zulu11.33.15-ca-jdk11.0.4-win_x64/lib/src.zip!/jdk.javadoc" type="simple" />
            <root url="jar://C:/Program Files/java/zulu/zulu11.33.15-ca-jdk11.0.4-win_x64/lib/src.zip!/jdk.xml.dom" type="simple" />
            <root url="jar://C:/Program Files/java/zulu/zulu11.33.15-ca-jdk11.0.4-win_x64/lib/src.zip!/java.desktop" type="simple" />
            <root url="jar://C:/Program Files/java/zulu/zulu11.33.15-ca-jdk11.0.4-win_x64/lib/src.zip!/java.logging" type="simple" />
            <root url="jar://C:/Program Files/java/zulu/zulu11.33.15-ca-jdk11.0.4-win_x64/lib/src.zip!/jdk.charsets" type="simple" />
            <root url="jar://C:/Program Files/java/zulu/zulu11.33.15-ca-jdk11.0.4-win_x64/lib/src.zip!/jdk.compiler" type="simple" />
            <root url="jar://C:/Program Files/java/zulu/zulu11.33.15-ca-jdk11.0.4-win_x64/lib/src.zip!/jdk.dynalink" type="simple" />
            <root url="jar://C:/Program Files/java/zulu/zulu11.33.15-ca-jdk11.0.4-win_x64/lib/src.zip!/jdk.jconsole" type="simple" />
            <root url="jar://C:/Program Files/java/zulu/zulu11.33.15-ca-jdk11.0.4-win_x64/lib/src.zip!/jdk.jsobject" type="simple" />
            <root url="jar://C:/Program Files/java/zulu/zulu11.33.15-ca-jdk11.0.4-win_x64/lib/src.zip!/java.compiler" type="simple" />
            <root url="jar://C:/Program Files/java/zulu/zulu11.33.15-ca-jdk11.0.4-win_x64/lib/src.zip!/java.net.http" type="simple" />
            <root url="jar://C:/Program Files/java/zulu/zulu11.33.15-ca-jdk11.0.4-win_x64/lib/src.zip!/jdk.crypto.ec" type="simple" />
            <root url="jar://C:/Program Files/java/zulu/zulu11.33.15-ca-jdk11.0.4-win_x64/lib/src.zip!/java.scripting" type="simple" />
            <root url="jar://C:/Program Files/java/zulu/zulu11.33.15-ca-jdk11.0.4-win_x64/lib/src.zip!/jdk.httpserver" type="simple" />
            <root url="jar://C:/Program Files/java/zulu/zulu11.33.15-ca-jdk11.0.4-win_x64/lib/src.zip!/jdk.jdwp.agent" type="simple" />
            <root url="jar://C:/Program Files/java/zulu/zulu11.33.15-ca-jdk11.0.4-win_x64/lib/src.zip!/jdk.localedata" type="simple" />
            <root url="jar://C:/Program Files/java/zulu/zulu11.33.15-ca-jdk11.0.4-win_x64/lib/src.zip!/jdk.management" type="simple" />
            <root url="jar://C:/Program Files/java/zulu/zulu11.33.15-ca-jdk11.0.4-win_x64/lib/src.zip!/jdk.naming.dns" type="simple" />
            <root url="jar://C:/Program Files/java/zulu/zulu11.33.15-ca-jdk11.0.4-win_x64/lib/src.zip!/jdk.naming.rmi" type="simple" />
            <root url="jar://C:/Program Files/java/zulu/zulu11.33.15-ca-jdk11.0.4-win_x64/lib/src.zip!/java.instrument" type="simple" />
            <root url="jar://C:/Program Files/java/zulu/zulu11.33.15-ca-jdk11.0.4-win_x64/lib/src.zip!/java.management" type="simple" />
            <root url="jar://C:/Program Files/java/zulu/zulu11.33.15-ca-jdk11.0.4-win_x64/lib/src.zip!/java.sql.rowset" type="simple" />
            <root url="jar://C:/Program Files/java/zulu/zulu11.33.15-ca-jdk11.0.4-win_x64/lib/src.zip!/java.xml.crypto" type="simple" />
            <root url="jar://C:/Program Files/java/zulu/zulu11.33.15-ca-jdk11.0.4-win_x64/lib/src.zip!/jdk.internal.ed" type="simple" />
            <root url="jar://C:/Program Files/java/zulu/zulu11.33.15-ca-jdk11.0.4-win_x64/lib/src.zip!/jdk.internal.le" type="simple" />
            <root url="jar://C:/Program Files/java/zulu/zulu11.33.15-ca-jdk11.0.4-win_x64/lib/src.zip!/jdk.unsupported" type="simple" />
            <root url="jar://C:/Program Files/java/zulu/zulu11.33.15-ca-jdk11.0.4-win_x64/lib/src.zip!/java.smartcardio" type="simple" />
            <root url="jar://C:/Program Files/java/zulu/zulu11.33.15-ca-jdk11.0.4-win_x64/lib/src.zip!/jdk.internal.opt" type="simple" />
            <root url="jar://C:/Program Files/java/zulu/zulu11.33.15-ca-jdk11.0.4-win_x64/lib/src.zip!/java.datatransfer" type="simple" />
            <root url="jar://C:/Program Files/java/zulu/zulu11.33.15-ca-jdk11.0.4-win_x64/lib/src.zip!/jdk.accessibility" type="simple" />
            <root url="jar://C:/Program Files/java/zulu/zulu11.33.15-ca-jdk11.0.4-win_x64/lib/src.zip!/jdk.crypto.mscapi" type="simple" />
            <root url="jar://C:/Program Files/java/zulu/zulu11.33.15-ca-jdk11.0.4-win_x64/lib/src.zip!/jdk.hotspot.agent" type="simple" />
            <root url="jar://C:/Program Files/java/zulu/zulu11.33.15-ca-jdk11.0.4-win_x64/lib/src.zip!/jdk.security.auth" type="simple" />
            <root url="jar://C:/Program Files/java/zulu/zulu11.33.15-ca-jdk11.0.4-win_x64/lib/src.zip!/jdk.security.jgss" type="simple" />
            <root url="jar://C:/Program Files/java/zulu/zulu11.33.15-ca-jdk11.0.4-win_x64/lib/src.zip!/java.security.jgss" type="simple" />
            <root url="jar://C:/Program Files/java/zulu/zulu11.33.15-ca-jdk11.0.4-win_x64/lib/src.zip!/java.security.sasl" type="simple" />
            <root url="jar://C:/Program Files/java/zulu/zulu11.33.15-ca-jdk11.0.4-win_x64/lib/src.zip!/jdk.internal.vm.ci" type="simple" />
            <root url="jar://C:/Program Files/java/zulu/zulu11.33.15-ca-jdk11.0.4-win_x64/lib/src.zip!/jdk.management.jfr" type="simple" />
            <root url="jar://C:/Program Files/java/zulu/zulu11.33.15-ca-jdk11.0.4-win_x64/lib/src.zip!/java.management.rmi" type="simple" />
            <root url="jar://C:/Program Files/java/zulu/zulu11.33.15-ca-jdk11.0.4-win_x64/lib/src.zip!/java.transaction.xa" type="simple" />
            <root url="jar://C:/Program Files/java/zulu/zulu11.33.15-ca-jdk11.0.4-win_x64/lib/src.zip!/jdk.crypto.cryptoki" type="simple" />
            <root url="jar://C:/Program Files/java/zulu/zulu11.33.15-ca-jdk11.0.4-win_x64/lib/src.zip!/jdk.internal.jvmstat" type="simple" />
            <root url="jar://C:/Program Files/java/zulu/zulu11.33.15-ca-jdk11.0.4-win_x64/lib/src.zip!/jdk.management.agent" type="simple" />
            <root url="jar://C:/Program Files/java/zulu/zulu11.33.15-ca-jdk11.0.4-win_x64/lib/src.zip!/jdk.scripting.nashorn" type="simple" />
            <root url="jar://C:/Program Files/java/zulu/zulu11.33.15-ca-jdk11.0.4-win_x64/lib/src.zip!/jdk.unsupported.desktop" type="simple" />
            <root url="jar://C:/Program Files/java/zulu/zulu11.33.15-ca-jdk11.0.4-win_x64/lib/src.zip!/jdk.internal.vm.compiler" type="simple" />
            <root url="jar://C:/Program Files/java/zulu/zulu11.33.15-ca-jdk11.0.4-win_x64/lib/src.zip!/jdk.scripting.nashorn.shell" type="simple" />
            <root url="jar://C:/Program Files/java/zulu/zulu11.33.15-ca-jdk11.0.4-win_x64/lib/src.zip!/jdk.internal.vm.compiler.management" type="simple" />
          </root>
        </sourcePath>
      </roots>
      <additional />
    </jdk>
  </component>
</application>